Name,Confidence,Source
Helicopter,99.8976058959961,10
Vehicle,99.8976058959961,10
Transportation,99.8976058959961,10
Aircraft,99.8976058959961,10
Person,99.01445770263672,10
Human,99.01445770263672,10
Wheel,84.98567199707031,10
Machine,84.98567199707031,10
People,70.27774810791016,10
Military,69.6230697631836,10
Military Uniform,55.068031311035156,10
Airplane,99.60494232177734,100
Aircraft,99.60494232177734,100
Vehicle,99.60494232177734,100
Transportation,99.60494232177734,100
Person,98.4140396118164,100
Human,98.4140396118164,100
Bomber,97.2482681274414,100
Warplane,97.2482681274414,100
Jet,84.41544342041016,100
Grass,99.89473724365234,101
Plant,99.89473724365234,101
Person,94.15485382080078,101
Human,94.15485382080078,101
Flag,92.81303405761719,101
Symbol,92.81303405761719,101
Lawn,89.89720153808594,101
Tree,86.36041259765625,101
Park,79.8205337524414,101
Outdoors,79.8205337524414,101
Palm Tree,75.16803741455078,101
Arecaceae,75.16803741455078,101
Vegetation,55.3027458190918,101
Helmet,99.91219329833984,102
Clothing,99.91219329833984,102
Apparel,99.91219329833984,102
Person,96.88365173339844,102
Human,96.88365173339844,102
Military,87.79627227783203,102
Military Uniform,85.06134796142578,102
Army,84.7473373413086,102
Armored,84.7473373413086,102
Tree,80.533294677734375,102
Plant,80.533294677734375,102
Weapon,76.30522918701172,102
Weaponry,76.30522918701172,102
People,65.656280517578125,102
Soldier,64.97601318359375,102
Paintball,63.157352447509766,102
Land,62.561519622802734,102
Nature,62.561519622802734,102
Outdoors,62.561519622802734,102
Vegetation,59.48652267456055,102
Potted Plant,55.449649810791016,102
Pottery,55.449649810791016,102
Jar,55.449649810791016,102
Vase,55.449649810791016,102
Person,99.76038360595703,103
Human,99.76038360595703,103
Flag,99.155670166015625,103
Symbol,99.155670166015625,103
Shoe,59.32632064819336,103
Clothing,59.32632064819336,103
Footwear,59.32632064819336,103
Apparel,59.32632064819336,103
Railing,58.16975784301758,103
Helmet,99.92936706542969,104
Clothing,99.92936706542969,104
Apparel,99.92936706542969,104
Gun,98.643341064453125,104
Weapon,98.643341064453125,104
Weaponry,98.643341064453125,104
Person,98.600250244140625,104
Human,98.600250244140625,104
Military,98.50300598144531,104
Military Uniform,98.03236389160156,104
Army,96.9267578125,104
Armored,96.9267578125,104
People,89.56295013427734,104
Soldier,83.87220764160156,104
Troop,77.3929672241211,104
Swat Team,55.12504959106445,104
Person,97.70587921142578,105
Human,97.70587921142578,105
Military,88.0757064819336,105
Military Uniform,83.19072723388672,105
Vehicle,75.44233703613281,105
Transportation,75.44233703613281,105
Army,70.61149597167969,105
Armored,70.61149597167969,105
Boat,67.32605743408203,105
Wheel,66.33526611328125,105
Machine,66.33526611328125,105
Officer,60.1259651184082,105
Truck,58.54953384399414,105
Tank,55.660675048828125,105
Water,99.70413970947266,106
Person,99.5328369140625,106
Human,99.5328369140625,106
Waterfront,99.256500244140625,106
Boat,99.17424774169922,106
Transportation,99.17424774169922,106
Vehicle,99.17424774169922,106
Pier,98.1763916015625,106
Dock,98.1763916015625,106
Port,98.1763916015625,106
Harbor,88.05573272705078,106
Ship,84.35310363769531,106
Cruiser,83.45464324951172,106
Military,83.45464324951172,106
Navy,83.45464324951172,106
Watercraft,57.49770736694336,106
Vessel,57.49770736694336,106
Watercraft,99.49182891845703,107
Vessel,99.49182891845703,107
Vehicle,99.49182891845703,107
Transportation,99.49182891845703,107
Boat,99.4299087524414,107
Military,92.03266143798828,107
Water,85.7293930053711,107
Cruiser,82.28453826904297,107
Navy,82.28453826904297,107
Ship,82.28453826904297,107
Battleship,77.3960189819336,107
Waterfront,73.49198913574219,107
Pier,67.85630798339844,107
Port,67.85630798339844,107
Dock,67.85630798339844,107
Person,99.54927062988281,108
Human,99.54927062988281,108
Military,99.112579345703125,108
Military Uniform,98.99925231933594,108
Army,98.0245361328125,108
Armored,98.0245361328125,108
Helmet,97.49717712402344,108
Clothing,97.49717712402344,108
Apparel,97.49717712402344,108
People,94.90110778808594,108
Troop,92.30431365966797,108
Airplane,88.15022277832031,108
Transportation,88.15022277832031,108
Vehicle,88.15022277832031,108
Aircraft,88.15022277832031,108
Soldier,87.48155212402344,108
Weapon,64.97101593017578,108
Weaponry,64.97101593017578,108
Person,99.7630844116211,109
Human,99.7630844116211,109
Chair,95.39379119873047,109
Furniture,95.39379119873047,109
Clinic,95.2946548461914,109
Shoe,93.11385345458984,109
Clothing,93.11385345458984,109
Footwear,93.11385345458984,109
Apparel,93.11385345458984,109
Sitting,83.82315826416016,109
Table,81.33738708496094,109
Desk,78.27278137207031,109
Screen,68.5872802734375,109
Electronics,68.5872802734375,109
Monitor,64.9756851196289,109
Display,64.9756851196289,109
People,62.9228401184082,109
Hospital,57.428070068359375,109
Lab,57.35361862182617,109
Boat,99.99675750732422,11
Vehicle,99.99675750732422,11
Transportation,99.99675750732422,11
Watercraft,99.6356430053711,11
Vessel,99.6356430053711,11
Military,98.04432678222656,11
Destroyer,96.56950378417969,11
Navy,96.56950378417969,11
Ship,96.56950378417969,11
Cruiser,96.5279312133789,11
Battleship,89.22126770019531,11
Person,65.51366424560547,11
Human,65.51366424560547,11
Outdoors,61.157737731933594,11
Water,57.165340423583984,11
Person,93.88683319091797,110
Human,93.88683319091797,110
Logo,89.13330841064453,110
Trademark,89.13330841064453,110
Symbol,89.13330841064453,110
Text,73.45929718017578,110
Emblem,64.46321105957031,110
Poster,57.187171936035156,110
Advertisement,57.187171936035156,110
Helicopter,99.92333221435547,111
Aircraft,99.92333221435547,111
Vehicle,99.92333221435547,111
Transportation,99.92333221435547,111
Person,99.73021697998047,111
Human,99.73021697998047,111
Military,98.41227722167969,111
Military Uniform,96.83769989013672,111
Army,92.59122467041016,111
Armored,92.59122467041016,111
People,89.46211242675781,111
Soldier,85.32440948486328,111
Airfield,84.21769714355469,111
Airport,84.21769714355469,111
Troop,77.10980224609375,111
Skateboard,69.34110260009766,111
Sport,69.34110260009766,111
Sports,69.34110260009766,111
Officer,66.32788848876953,111
Clothing,58.65522766113281,111
Apparel,58.65522766113281,111
Helicopter,99.80426025390625,112
Aircraft,99.80426025390625,112
Vehicle,99.80426025390625,112
Transportation,99.80426025390625,112
Person,65.7539291381836,112
Human,65.7539291381836,112
Airplane,56.77913284301758,112
Helmet,99.843475341796875,113
Clothing,99.843475341796875,113
Apparel,99.843475341796875,113
Military,98.1694564819336,113
Military Uniform,97.55670928955078,113
Person,97.54637145996094,113
Human,97.54637145996094,113
Army,95.57630157470703,113
Armored,95.57630157470703,113
People,86.77735900878906,113
Soldier,83.64412689208984,113
Troop,78.85042572021484,113
Potted Plant,68.484130859375,113
Pottery,68.484130859375,113
Jar,68.484130859375,113
Plant,68.484130859375,113
Vase,68.484130859375,113
Weapon,57.380916595458984,113
Weaponry,57.380916595458984,113
Boat,99.64271545410156,114
Vehicle,99.64271545410156,114
Transportation,99.64271545410156,114
Ship,98.28128814697266,114
Watercraft,95.5903091430664,114
Vessel,95.5903091430664,114
Military,95.25513458251953,114
Cruiser,94.58309173583984,114
Navy,94.58309173583984,114
Destroyer,86.201171875,114
Battleship,82.20973205566406,114
Person,99.57942199707031,115
Human,99.57942199707031,115
Gun,97.58857727050781,115
Weapon,97.58857727050781,115
Weaponry,97.58857727050781,115
Military Uniform,96.72124481201172,115
Military,96.72124481201172,115
Army,91.82349395751953,115
Armored,91.82349395751953,115
People,86.44209289550781,115
Soldier,82.28376770019531,115
Troop,81.56201934814453,115
Plant,68.08442687988281,115
Road,59.69496154785156,115
Tree,55.694557189941406,115
Weather,99.373016357421875,116
Nature,99.373016357421875,116
Outdoors,97.85956573486328,116
Metropolis,95.70423126220703,116
Building,95.70423126220703,116
City,95.70423126220703,116
Urban,95.70423126220703,116
Town,95.70423126220703,116
Office Building,85.11113739013672,116
Lighting,84.07877349853516,116
Flare,83.486968994140625,116
Light,83.486968994140625,116
Architecture,80.924713134765625,116
Downtown,79.94002532958984,116
Tarmac,75.95459747314453,116
Asphalt,75.95459747314453,116
Tree,75.10557556152344,116
Plant,75.10557556152344,116
Road,71.2540512084961,116
Walkway,67.69734954833984,116
Path,67.69734954833984,116
Water,66.73522186279297,116
Condo,66.44195556640625,116
Housing,66.44195556640625,116
Spire,59.02043533325195,116
Tower,59.02043533325195,116
Steeple,59.02043533325195,116
Cumulus,58.53431701660156,116
Sky,58.53431701660156,116
Cloud,58.53431701660156,116
Night,58.10181427001953,116
Storm,57.76742172241211,116
Street,55.678497314453125,116
Person,99.49314880371094,117
Human,99.49314880371094,117
Helmet,99.347076416015625,117
Clothing,99.347076416015625,117
Apparel,99.347076416015625,117
Military Uniform,94.029815673828125,117
Military,94.029815673828125,117
Gun,92.30091857910156,117
Weapon,92.30091857910156,117
Weaponry,92.30091857910156,117
Armored,83.5686264038086,117
Army,82.67366027832031,117
Soldier,81.085235595703125,117
People,80.07061767578125,117
Paintball,61.69655990600586,117
Flooring,60.537559509277344,117
Person,99.037750244140625,118
Human,99.037750244140625,118
Building,95.459014892578125,118
Factory,84.2633285522461,118
Clothing,67.32318115234375,118
Apparel,67.32318115234375,118
Machine,65.93828582763672,118
Sunglasses,63.43531799316406,118
Accessories,63.43531799316406,118
Accessory,63.43531799316406,118
Clinic,59.73094940185547,118
Manufacturing,57.96137237548828,118
Home Decor,96.2734375,119
Person,94.11151885986328,119
Human,94.11151885986328,119
Flooring,78.06714630126953,119
Door,74.189361572265625,119
Postal Office,57.722755432128906,119
People,56.91738510131836,119
Floor,56.83112716674805,119
Clothing,55.19186019897461,119
Apparel,55.19186019897461,119
Helmet,99.37256622314453,12
Clothing,99.37256622314453,12
Apparel,99.37256622314453,12
Person,98.45912170410156,12
Human,98.45912170410156,12
Military Uniform,90.01358795166016,12
Military,90.01358795166016,12
Gun,78.9186019897461,12
Weapon,78.9186019897461,12
Weaponry,78.9186019897461,12
Soldier,77.953704833984375,12
Army,71.32357025146484,12
Armored,71.32357025146484,12
People,63.68259048461914,12
Poster,57.46458053588867,12
Advertisement,57.46458053588867,12
Helmet,99.55863952636719,120
Clothing,99.55863952636719,120
Apparel,99.55863952636719,120
Person,98.99559020996094,120
Human,98.99559020996094,120
Gun,98.934234619140625,120
Weapon,98.934234619140625,120
Weaponry,98.934234619140625,120
Military,98.564727783203125,120
Military Uniform,97.9693603515625,120
Army,96.694305419921875,120
Armored,96.694305419921875,120
Horse,89.782958984375,120
Mammal,89.782958984375,120
Animal,89.782958984375,120
Soldier,83.85802459716797,120
Bird,83.092987060546875,120
People,75.36474609375,120
Canine,65.33747100830078,120
Grass,59.50300598144531,120
Plant,59.50300598144531,120
Pet,59.45708465576172,120
Boat,99.85584259033203,121
Vehicle,99.85584259033203,121
Transportation,99.85584259033203,121
Watercraft,97.12800598144531,121
Vessel,97.12800598144531,121
Military,96.86641693115234,121
Cruiser,96.36805725097656,121
Navy,96.36805725097656,121
Ship,96.36805725097656,121
Battleship,92.8510971069336,121
Destroyer,86.62947845458984,121
Person,99.81507873535156,122
Human,99.81507873535156,122
Military,98.62440490722656,122
Military Uniform,98.57091522216797,122
Army,96.289947509765625,122
Armored,96.289947509765625,122
Gun,90.578338623046875,122
Weapon,90.578338623046875,122
Weaponry,90.578338623046875,122
Helmet,89.711883544921875,122
Clothing,89.711883544921875,122
Apparel,89.711883544921875,122
Soldier,84.42720031738281,122
Troop,80.89494323730469,122
People,80.89494323730469,122
Tree,80.119049072265625,122
Plant,80.119049072265625,122
Bird,72.74004364013672,122
Animal,72.74004364013672,122
Paintball,59.8731689453125,122
Person,99.757080078125,123
Human,99.757080078125,123
Truck,99.5560073852539,123
Vehicle,99.5560073852539,123
Transportation,99.5560073852539,123
Military,99.45359802246094,123
Military Uniform,98.91847229003906,123
Army,97.94396209716797,123
Armored,97.94396209716797,123
Wheel,97.76201629638672,123
Machine,97.76201629638672,123
People,83.67073059082031,123
Soldier,71.73712921142578,123
Tank,70.22218322753906,123
Troop,68.7881851196289,123
Tarmac,65.23729705810547,123
Asphalt,65.23729705810547,123
Person,99.796844482421875,124
Human,99.796844482421875,124
Flag,98.94205474853516,124
Symbol,98.94205474853516,124
Military,87.243316650390625,124
Military Uniform,72.273040771484375,124
Crowd,68.2849349975586,124
Officer,63.291893005371094,124
Navy,55.97597885131836,124
Person,98.9759292602539,125
Human,98.9759292602539,125
People,98.02116394042969,125
Military Uniform,88.41703796386719,125
Military,88.41703796386719,125
Troop,84.02938079833984,125
Army,84.02938079833984,125
Armored,84.02938079833984,125
Team,77.11778259277344,125
Crowd,74.275726318359375,125
Poster,73.5029296875,125
Advertisement,73.5029296875,125
Soldier,64.60423278808594,125
Marching,58.236724853515625,125
Team Sport,57.2634391784668,125
Sport,57.2634391784668,125
Sports,57.2634391784668,125
Flyer,56.92231750488281,125
Paper,56.92231750488281,125
Brochure,56.92231750488281,125
Field,55.91192626953125,125
Ballplayer,55.0059700012207,125
Baseball,55.0059700012207,125
Athlete,55.0059700012207,125
Softball,55.0059700012207,125
Helicopter,99.99747467041016,126
Vehicle,99.99747467041016,126
Transportation,99.99747467041016,126
Aircraft,99.99747467041016,126
Boat,99.876922607421875,126
Military,96.49542999267578,126
Watercraft,92.80378723144531,126
Vessel,92.80378723144531,126
Person,91.07234191894531,126
Human,91.07234191894531,126
Flying,78.65775299072266,126
Bird,78.65775299072266,126
Animal,78.65775299072266,126
Coast Guard,68.40605163574219,126
Sea,61.84423065185547,126
Nature,61.84423065185547,126
Ocean,61.84423065185547,126
Outdoors,61.84423065185547,126
Water,61.84423065185547,126
Cruiser,57.439640045166016,126
Ship,57.439640045166016,126
Navy,57.439640045166016,126
Helmet,99.65154266357422,127
Clothing,99.65154266357422,127
Apparel,99.65154266357422,127
Person,99.36866760253906,127
Human,99.36866760253906,127
Military,98.048583984375,127
Military Uniform,97.68699645996094,127
Army,96.914154052734375,127
Armored,96.914154052734375,127
People,89.1395034790039,127
Wheel,87.4139633178711,127
Machine,87.4139633178711,127
Troop,84.33576202392578,127
Soldier,82.93492126464844,127
Tire,76.53893280029297,127
Military,99.873626708984375,128
Person,99.6341781616211,128
Human,99.6341781616211,128
Officer,99.54032897949219,128
Military Uniform,99.54032897949219,128
Sailor Suit,97.4278564453125,128
Shoe,97.0591049194336,128
Clothing,97.0591049194336,128
Footwear,97.0591049194336,128
Apparel,97.0591049194336,128
Navy,94.84368896484375,128
Captain,94.1850357055664,128
Chair,87.43226623535156,128
Furniture,87.43226623535156,128
Soldier,59.56245803833008,128
Helmet,99.9499282836914,129
Clothing,99.9499282836914,129
Apparel,99.9499282836914,129
Person,99.64130401611328,129
Human,99.64130401611328,129
Military,99.55469512939453,129
Military Uniform,99.514984130859375,129
Army,98.47954559326172,129
Armored,98.47954559326172,129
People,94.82405853271484,129
Soldier,88.51062774658203,129
Troop,80.74707794189453,129
Helicopter,75.0134506225586,129
Transportation,75.0134506225586,129
Vehicle,75.0134506225586,129
Aircraft,75.0134506225586,129
Swat Team,55.93280792236328,129
Person,99.3013687133789,13
Human,99.3013687133789,13
Military,98.48912048339844,13
Military Uniform,98.0682373046875,13
Car,97.00572967529297,13
Automobile,97.00572967529297,13
Transportation,97.00572967529297,13
Vehicle,97.00572967529297,13
Army,93.304931640625,13
Armored,93.304931640625,13
Bicycle,88.75164031982422,13
Bike,88.75164031982422,13
People,87.95234680175781,13
Wheel,81.07757568359375,13
Machine,81.07757568359375,13
Soldier,76.69396209716797,13
Officer,70.94419860839844,13
Crowd,69.91082763671875,13
Troop,69.29002380371094,13
Building,66.26068878173828,13
Text,89.05585479736328,130
Number,79.78755950927734,130
Symbol,79.78755950927734,130
Cat,77.87352752685547,130
Pet,77.87352752685547,130
Mammal,77.87352752685547,130
Animal,77.87352752685547,130
Hook,58.69680404663086,130
Person,99.59059143066406,131
Human,99.59059143066406,131
People,87.87882995605469,131
Word,73.83146667480469,131
Grass,72.870574951171875,131
Plant,72.870574951171875,131
Team Sport,57.93750762939453,131
Team,57.93750762939453,131
Sport,57.93750762939453,131
Sports,57.93750762939453,131
Grass,97.502349853515625,132
Plant,97.502349853515625,132
Road,84.79886627197266,132
Tarmac,80.73360443115234,132
Asphalt,80.73360443115234,132
Person,79.5481948852539,132
Human,79.5481948852539,132
Vehicle,78.39481353759766,132
Transportation,78.39481353759766,132
Outdoors,66.6272964477539,132
Lawn,61.72459411621094,132
Intersection,61.52161407470703,132
Path,59.674896240234375,132
Airfield,59.5529899597168,132
Airport,59.5529899597168,132
Coupe,59.53025436401367,132
Car,59.53025436401367,132
Sports Car,59.53025436401367,132
Automobile,59.53025436401367,132
Flagstone,56.48527145385742,132
Tire,56.45184326171875,132
Spoke,55.12565231323242,132
Machine,55.12565231323242,132
Boat,99.98681640625,133
Vehicle,99.98681640625,133
Transportation,99.98681640625,133
Watercraft,99.74027252197266,133
Vessel,99.74027252197266,133
Cruiser,98.21993255615234,133
Military,98.21993255615234,133
Ship,98.21993255615234,133
Navy,98.21993255615234,133
Destroyer,94.351898193359375,133
Battleship,88.9832763671875,133
Metropolis,85.49012756347656,133
City,85.49012756347656,133
Urban,85.49012756347656,133
Building,85.49012756347656,133
Town,85.49012756347656,133
Water,69.73944854736328,133
Waterfront,65.75420379638672,133
Pier,56.62520980834961,133
Dock,56.62520980834961,133
Port,56.62520980834961,133
Helicopter,99.48243713378906,134
Vehicle,99.48243713378906,134
Transportation,99.48243713378906,134
Aircraft,99.48243713378906,134
Person,99.46907806396484,134
Human,99.46907806396484,134
Hangar,82.54997253417969,134
Building,82.54997253417969,134
Airplane,81.8559341430664,134
Bicycle,58.63260269165039,134
Bike,58.63260269165039,134
Helmet,99.935394287109375,135
Clothing,99.935394287109375,135
Apparel,99.935394287109375,135
Military,99.67037200927734,135
Military Uniform,99.5350341796875,135
Person,99.50663757324219,135
Human,99.50663757324219,135
Army,96.89676666259766,135
Armored,96.89676666259766,135
Soldier,87.69416809082031,135
Weapon,72.86591339111328,135
Weaponry,72.86591339111328,135
Officer,70.201080322265625,135
Hat,67.45951080322266,135
People,65.072784423828125,135
Paintball,61.22163772583008,135
Tank,55.08895492553711,135
Transportation,55.08895492553711,135
Vehicle,55.08895492553711,135
Person,98.54756927490234,136
Human,98.54756927490234,136
Grass,94.82099914550781,136
Plant,94.82099914550781,136
Field,91.0858383178711,136
People,82.5760726928711,136
Clothing,79.007598876953125,136
Apparel,79.007598876953125,136
Flag,77.99495697021484,136
Symbol,77.99495697021484,136
Building,73.18830108642578,136
Advertisement,69.87181854248047,136
Outdoors,66.50814056396484,136
Bus,65.5403060913086,136
Transportation,65.5403060913086,136
Vehicle,65.5403060913086,136
Sport,64.498077392578125,136
Sports,64.498077392578125,136
Screen,63.50063705444336,136
Electronics,63.50063705444336,136
Monitor,61.208091735839844,136
Display,61.208091735839844,136
Poster,61.03300094604492,136
Crowd,59.777130126953125,136
Shorts,59.10542678833008,136
Pants,58.39739990234375,136
Cricket,58.2105712890625,136
Stadium,55.67649841308594,136
Arena,55.67649841308594,136
Text,55.31766128540039,136
Person,99.630218505859375,137
Human,99.630218505859375,137
Shoe,98.518096923828125,137
Clothing,98.518096923828125,137
Footwear,98.518096923828125,137
Apparel,98.518096923828125,137
Military,97.63468933105469,137
Military Uniform,87.53089904785156,137
Weapon,74.04369354248047,137
Weaponry,74.04369354248047,137
Navy,67.27110290527344,137
Gun,67.02525329589844,137
People,64.700927734375,137
Flag,62.753334045410156,137
Symbol,62.753334045410156,137
Crowd,58.498165130615234,137
Army,58.43927764892578,137
Armored,58.43927764892578,137
Soldier,58.38117218017578,137
Officer,56.874149322509766,137
Person,98.16431427001953,139
Human,98.16431427001953,139
Clothing,83.2199935913086,139
Apparel,83.2199935913086,139
Machine,63.80500411987305,139
Spoke,62.13772964477539,139
Art,61.190757751464844,139
Wheel,56.44192123413086,139
Person,99.70868682861328,14
Human,99.70868682861328,14
Marching,98.60321044921875,14
Crowd,98.60321044921875,14
Musician,93.3448486328125,14
Musical Instrument,93.3448486328125,14
Music Band,91.29866790771484,14
Military,87.6014404296875,14
People,86.59728240966797,14
Military Uniform,83.57843017578125,14
Festival,78.38749694824219,14
Brass Section,72.64582824707031,14
Horn,70.65514373779297,14
City,67.04331970214844,14
Town,67.04331970214844,14
Building,67.04331970214844,14
Urban,67.04331970214844,14
Architecture,64.42935943603516,14
Army,61.31657791137695,14
Armored,61.31657791137695,14
Wheel,56.32600402832031,14
Machine,56.32600402832031,14
Troop,56.30431365966797,14
Soldier,55.98097229003906,14
Officer,55.84323501586914,14
Military,99.75041961669922,140
Person,98.8870620727539,140
Human,98.8870620727539,140
Military Uniform,98.49652099609375,140
Officer,97.54395294189453,140
Navy,90.2552719116211,140
Captain,76.66878509521484,140
Helmet,70.720458984375,140
Clothing,70.720458984375,140
Apparel,70.720458984375,140
Crowd,61.45772171020508,140
Sailor Suit,59.78125762939453,140
Army,59.130130767822266,140
Armored,59.130130767822266,140
Person,99.74456787109375,141
Human,99.74456787109375,141
Military,97.9353256225586,141
Shoe,97.86185455322266,141
Clothing,97.86185455322266,141
Footwear,97.86185455322266,141
Apparel,97.86185455322266,141
Crowd,90.55938720703125,141
Military Uniform,89.3192138671875,141
Marching,88.98992156982422,141
Navy,85.0377426147461,141
People,75.59092712402344,141
Troop,74.640960693359375,141
Army,74.640960693359375,141
Armored,74.640960693359375,141
Officer,66.47584533691406,141
Helmet,65.68467712402344,141
Soldier,62.236873626708984,141
Person,99.09211730957031,142
Human,99.09211730957031,142
Adventure,89.457672119140625,142
Leisure Activities,89.457672119140625,142
Military Uniform,89.1949462890625,142
Military,89.1949462890625,142
Army,88.40967559814453,142
Armored,88.40967559814453,142
Soldier,69.25865173339844,142
People,65.96761322021484,142
Rope,59.452735900878906,142
Outdoors,56.88848876953125,142
Helmet,99.960845947265625,143
Clothing,99.960845947265625,143
Apparel,99.960845947265625,143
Person,99.44207763671875,143
Human,99.44207763671875,143
Flag,99.1109619140625,143
Symbol,99.1109619140625,143
Military,93.52179718017578,143
Officer,90.00163269042969,143
Military Uniform,90.00163269042969,143
Police Dog,98.69622802734375,144
Dog,98.69622802734375,144
Pet,98.69622802734375,144
Canine,98.69622802734375,144
Mammal,98.69622802734375,144
Animal,98.69622802734375,144
Person,92.64075469970703,144
Human,92.64075469970703,144
Clothing,77.45745086669922,144
Apparel,77.45745086669922,144
German Shepherd,67.33885192871094,144
Sky,89.168914794921875,145
Outdoors,89.168914794921875,145
Nature,89.168914794921875,145
Rainbow,81.92994689941406,145
Building,80.58204650878906,145
Sport,68.41297912597656,145
Sports,68.41297912597656,145
Architecture,66.33519744873047,145
Urban,64.3925552368164,145
Team Sport,62.77405548095703,145
Team,62.77405548095703,145
Field,61.4216423034668,145
Panoramic,59.34968566894531,145
Scenery,59.34968566894531,145
Landscape,59.34968566894531,145
Military,99.17256164550781,146
Military Uniform,99.17189025878906,146
Person,98.79463195800781,146
Human,98.79463195800781,146
Army,94.9622573852539,146
Armored,94.9622573852539,146
Soldier,82.25838470458984,146
Hat,67.54279327392578,146
Clothing,67.54279327392578,146
Apparel,67.54279327392578,146
Person,98.60255432128906,147
Human,98.60255432128906,147
Clothing,90.85929107666016,147
Apparel,90.85929107666016,147
Hat,89.59458923339844,147
Military,79.433624267578125,147
Military Uniform,77.33538055419922,147
Sailor Suit,73.78133392333984,147
Officer,65.72730255126953,147
Crowd,63.11827850341797,147
Helmet,58.77952194213867,147
Guard,58.25592041015625,147
Military,99.89287567138672,148
Military Uniform,99.8839340209961,148
Army,99.31632995605469,148
Armored,99.31632995605469,148
Person,99.31632995605469,148
Human,99.31632995605469,148
Soldier,95.47279357910156,148
Dog,89.98442077636719,148
Mammal,89.98442077636719,148
Animal,89.98442077636719,148
Canine,89.98442077636719,148
Pet,89.98442077636719,148
Clothing,79.91585540771484,148
Apparel,79.91585540771484,148
People,70.29997253417969,148
Skateboard,66.21833801269531,148
Sport,66.21833801269531,148
Sports,66.21833801269531,148
Troop,65.90897369384766,148
Leisure Activities,65.26899719238281,148
Boat,64.24311065673828,148
Transportation,64.24311065673828,148
Vehicle,64.24311065673828,148
Flooring,60.398380279541016,148
Cruiser,56.49104690551758,148
Ship,56.49104690551758,148
Navy,56.49104690551758,148
Military,99.65122985839844,149
Military Uniform,99.572174072265625,149
Person,98.61402893066406,149
Human,98.61402893066406,149
Army,95.55602264404297,149
Armored,95.55602264404297,149
Soldier,95.14141845703125,149
People,62.443843841552734,149
Screen,57.78715896606445,149
Electronics,57.78715896606445,149
Monitor,56.62369918823242,149
Display,56.62369918823242,149
Officer,56.270877838134766,149
Field,99.16557312011719,15
Grass,98.43840026855469,15
Plant,98.43840026855469,15
Building,82.65242004394531,15
Lawn,65.80464935302734,15
Stadium,58.28132629394531,15
Arena,58.28132629394531,15
Person,99.6360092163086,16
Human,99.6360092163086,16
Troop,99.2109146118164,16
Military,99.2109146118164,16
Military Uniform,99.2109146118164,16
Army,99.2109146118164,16
People,99.2109146118164,16
Armored,99.2109146118164,16
Helmet,88.755279541015625,16
Clothing,88.755279541015625,16
Apparel,88.755279541015625,16
Soldier,86.86551666259766,16
Marching,79.8314437866211,16
Crowd,79.8314437866211,16
Gun,61.09688949584961,16
Weapon,61.09688949584961,16
Weaponry,61.09688949584961,16
Truck,98.28590393066406,17
Transportation,98.28590393066406,17
Vehicle,98.28590393066406,17
Offroad,93.97876739501953,17
Car,86.71566009521484,17
Automobile,86.71566009521484,17
Person,68.90415954589844,17
Human,68.90415954589844,17
Wheel,65.0935287475586,17
Machine,65.0935287475586,17
Flag,98.4532699584961,18
Symbol,98.4532699584961,18
Person,98.33149719238281,18
Human,98.33149719238281,18
Clothing,96.42036437988281,18
Apparel,96.42036437988281,18
Military,90.35467529296875,18
Military Uniform,87.27057647705078,18
Crowd,76.45782470703125,18
People,69.70912170410156,18
Army,67.03849029541016,18
Armored,67.03849029541016,18
Soldier,63.748138427734375,18
Long Sleeve,59.344818115234375,18
Sleeve,59.344818115234375,18
Fashion,55.78770446777344,18
Truck,99.91093444824219,19
Vehicle,99.91093444824219,19
Transportation,99.91093444824219,19
Wheel,93.86910247802734,19
Machine,93.86910247802734,19
Car,88.42107391357422,19
Automobile,88.42107391357422,19
Bush,74.93543243408203,19
Plant,74.93543243408203,19
Vegetation,74.93543243408203,19
Person,72.22429656982422,19
Human,72.22429656982422,19
Tire,69.9124984741211,19
Tree,64.1675033569336,19
Jeep,61.95143508911133,19
Offroad,59.21407699584961,19
Helicopter,99.98975372314453,20
Aircraft,99.98975372314453,20
Transportation,99.98975372314453,20
Vehicle,99.98975372314453,20
Airport,96.8954086303711,20
Airfield,91.18153381347656,20
Helmet,99.19889068603516,21
Clothing,99.19889068603516,21
Apparel,99.19889068603516,21
Person,98.311248779296875,21
Human,98.311248779296875,21
Military Uniform,81.9695816040039,21
Military,81.9695816040039,21
Gun,73.53340148925781,21
Weapon,73.53340148925781,21
Weaponry,73.53340148925781,21
Soldier,70.1716537475586,21
Army,63.35957336425781,21
Armored,63.35957336425781,21
People,61.669776916503906,21
Counter Strike,56.256893157958984,21
Grass,93.9626235961914,22
Plant,93.9626235961914,22
Tree,82.02192687988281,22
Field,79.83985137939453,22
Outdoors,77.221282958984375,22
Building,69.76973724365234,22
Urban,64.1481704711914,22
Weather,58.110679626464844,22
Nature,58.110679626464844,22
Spoke,56.114437103271484,22
Machine,56.114437103271484,22
Tarmac,55.40055847167969,22
Asphalt,55.40055847167969,22
Helmet,98.80755615234375,23
Clothing,98.80755615234375,23
Apparel,98.80755615234375,23
Person,98.36094665527344,23
Human,98.36094665527344,23
Astronaut,57.08041000366211,23
Helmet,99.85746002197266,24
Clothing,99.85746002197266,24
Apparel,99.85746002197266,24
Person,99.59441375732422,24
Human,99.59441375732422,24
Military,99.224853515625,24
Military Uniform,98.7695083618164,24
Army,96.94993591308594,24
Armored,96.94993591308594,24
People,88.09284973144531,24
Soldier,80.45970916748047,24
Troop,73.92664337158203,24
Weapon,55.9428825378418,24
Weaponry,55.9428825378418,24
Helmet,98.38957977294922,25
Clothing,98.38957977294922,25
Apparel,98.38957977294922,25
Person,92.68013000488281,25
Human,92.68013000488281,25
Military,85.29045867919922,25
Machine,76.461212158203125,25
Military Uniform,73.15116119384766,25
Soldier,68.048095703125,25
Weapon,64.86649322509766,25
Weaponry,64.86649322509766,25
Rotor,57.97816848754883,25
Spiral,57.97816848754883,25
Coil,57.97816848754883,25
Telescope,55.42393112182617,25
Helmet,99.87622833251953,26
Clothing,99.87622833251953,26
Apparel,99.87622833251953,26
Person,97.238525390625,26
Human,97.238525390625,26
Military,86.276336669921875,26
Army,85.19474792480469,26
Military Uniform,85.19474792480469,26
Armored,85.19474792480469,26
Flag,74.2452392578125,26
Symbol,74.2452392578125,26
Weapon,69.265960693359375,26
Weaponry,69.265960693359375,26
Helicopter,60.68301773071289,26
Transportation,60.68301773071289,26
Vehicle,60.68301773071289,26
Aircraft,60.68301773071289,26
Soldier,57.84830856323242,26
Person,99.7674789428711,27
Human,99.7674789428711,27
People,92.24764251708984,27
Military Uniform,91.191741943359375,27
Military,91.191741943359375,27
Army,85.06346130371094,27
Armored,85.06346130371094,27
Helmet,83.17052459716797,27
Clothing,83.17052459716797,27
Apparel,83.17052459716797,27
Soldier,78.00444030761719,27
Person,99.8712158203125,28
Human,99.8712158203125,28
Shoe,99.65069580078125,28
Footwear,99.65069580078125,28
Clothing,99.65069580078125,28
Apparel,99.65069580078125,28
Truck,98.99002838134766,28
Transportation,98.99002838134766,28
Vehicle,98.99002838134766,28
Pants,97.33902740478516,28
Shorts,85.9992446899414,28
Jeans,81.6672134399414,28
Denim,81.6672134399414,28
Car,80.33619689941406,28
Automobile,80.33619689941406,28
Van,68.54676818847656,28
Tire,65.28460693359375,28
Alloy Wheel,62.412288665771484,28
Machine,62.412288665771484,28
Wheel,62.412288665771484,28
Spoke,62.412288665771484,28
Tarmac,59.50899887084961,28
Asphalt,59.50899887084961,28
Hardhat,57.18319320678711,28
Helmet,57.18319320678711,28
Cap,55.31959915161133,28
Hat,55.31959915161133,28
Helmet,99.8546371459961,29
Clothing,99.8546371459961,29
Apparel,99.8546371459961,29
Military,99.15940856933594,29
Military Uniform,99.14739227294922,29
Person,98.9155502319336,29
Human,98.9155502319336,29
Army,95.42555236816406,29
Armored,95.42555236816406,29
Sunglasses,84.57487487792969,29
Accessories,84.57487487792969,29
Accessory,84.57487487792969,29
Soldier,80.055755615234375,29
People,70.766632080078125,29
Person,96.676605224609375,30
Human,96.676605224609375,30
Military,95.35542297363281,30
Helmet,95.15794372558594,30
Clothing,95.15794372558594,30
Apparel,95.15794372558594,30
Military Uniform,93.6307144165039,30
Truck,92.81916046142578,30
Transportation,92.81916046142578,30
Vehicle,92.81916046142578,30
Army,88.78839874267578,30
Armored,88.78839874267578,30
Soldier,80.61875915527344,30
People,67.26263427734375,30
Tree,65.81675720214844,30
Plant,65.81675720214844,30
Motorcycle,57.31748962402344,30
Person,99.67610168457031,31
Human,99.67610168457031,31
Marching,98.35765838623047,31
Crowd,98.35765838623047,31
Shoe,98.05387115478516,31
Clothing,98.05387115478516,31
Footwear,98.05387115478516,31
Apparel,98.05387115478516,31
Pedestrian,96.193115234375,31
Military,92.06170654296875,31
Military Uniform,89.97965240478516,31
Officer,83.15985107421875,31
People,79.95970916748047,31
City,73.230194091796875,31
Town,73.230194091796875,31
Urban,73.230194091796875,31
Building,73.230194091796875,31
Street,60.632869720458984,31
Road,60.632869720458984,31
Army,59.00605010986328,31
Armored,59.00605010986328,31
Downtown,55.720455169677734,31
Troop,55.494136810302734,31
Space Station,83.55296325683594,32
Transportation,82.78792572021484,32
Vehicle,79.89534759521484,32
Airplane,77.20411682128906,32
Aircraft,77.20411682128906,32
Military,70.04633331298828,32
Water,67.57837677001953,32
Spaceship,61.137542724609375,32
Poster,83.5247573852539,33
Advertisement,83.5247573852539,33
Paper,77.96485137939453,33
Animal,73.83609771728516,33
Dog,72.777923583984375,33
Mammal,72.777923583984375,33
Pet,72.777923583984375,33
Canine,72.777923583984375,33
Flyer,63.561702728271484,33
Brochure,63.561702728271484,33
Book,62.15738296508789,33
Person,99.8202896118164,34
Human,99.8202896118164,34
Military Uniform,99.035125732421875,34
Military,99.035125732421875,34
Army,97.77782440185547,34
Armored,97.77782440185547,34
People,97.10719299316406,34
Helicopter,97.02812194824219,34
Transportation,97.02812194824219,34
Vehicle,97.02812194824219,34
Aircraft,97.02812194824219,34
Troop,92.70301055908203,34
Soldier,88.06331634521484,34
Shoe,76.09041595458984,34
Clothing,76.09041595458984,34
Footwear,76.09041595458984,34
Apparel,76.09041595458984,34
Officer,60.75993728637695,34
Tank,58.7808952331543,34
Swat Team,56.76133346557617,34
Person,84.11552429199219,35
Human,84.11552429199219,35
Pet,84.02983856201172,35
Animal,84.02983856201172,35
Canine,83.25664520263672,35
Mammal,83.25664520263672,35
Military Uniform,72.90506744384766,35
Military,72.90506744384766,35
Police Dog,68.70604705810547,35
Dog,68.70604705810547,35
Labrador Retriever,66.01648712158203,35
Clothing,58.517822265625,35
Apparel,58.517822265625,35
Poster,57.68151092529297,35
Advertisement,57.68151092529297,35
Doctor,56.44053649902344,35
Truck,99.76541900634766,36
Transportation,99.76541900634766,36
Vehicle,99.76541900634766,36
Person,98.22453308105469,36
Human,98.22453308105469,36
Wheel,96.0699691772461,36
Machine,96.0699691772461,36
Tarmac,94.54724884033203,36
Asphalt,94.54724884033203,36
Tire,78.50830841064453,36
Car Wheel,63.785587310791016,36
Trailer Truck,63.22801971435547,36
Road,57.269981384277344,36
Person,99.92777252197266,37
Human,99.92777252197266,37
Helmet,99.81934356689453,37
Clothing,99.81934356689453,37
Apparel,99.81934356689453,37
Military Uniform,99.11429595947266,37
Military,99.11429595947266,37
Army,97.69763946533203,37
Armored,97.69763946533203,37
Troop,95.42378997802734,37
People,95.42378997802734,37
Soldier,88.80562591552734,37
Light,83.241607666015625,38
Plant,76.82440948486328,38
Triangle,76.3662109375,38
Transportation,63.571964263916016,38
Tree,63.19219970703125,38
Vehicle,59.93451690673828,38
Flare,59.52045822143555,38
Watercraft,59.12662124633789,38
Vessel,59.12662124633789,38
Person,99.4781265258789,39
Human,99.4781265258789,39
Helmet,98.61563873291016,39
Clothing,98.61563873291016,39
Apparel,98.61563873291016,39
Gun,95.74223327636719,39
Weapon,95.74223327636719,39
Weaponry,95.74223327636719,39
Military,95.711334228515625,39
Military Uniform,95.7043685913086,39
Shoe,92.1624984741211,39
Footwear,92.1624984741211,39
Army,86.881805419921875,39
Armored,86.881805419921875,39
Soldier,79.14421081542969,39
People,72.64501190185547,39
Paintball,60.50856018066406,39
Brick,56.829254150390625,39
Helmet,99.53204345703125,40
Clothing,99.53204345703125,40
Apparel,99.53204345703125,40
Military,99.32373809814453,40
Military Uniform,98.931488037109375,40
Person,98.83429718017578,40
Human,98.83429718017578,40
Armored,98.29242706298828,40
Army,98.25995635986328,40
Troop,85.46342468261719,40
People,85.46342468261719,40
Soldier,84.029632568359375,40
Weapon,67.89069366455078,40
Weaponry,67.89069366455078,40
Paintball,63.76164245605469,40
Helmet,99.9817886352539,41
Clothing,99.9817886352539,41
Apparel,99.9817886352539,41
Person,99.72447967529297,41
Human,99.72447967529297,41
Military,97.74964904785156,41
Military Uniform,97.12454986572266,41
Army,94.97595977783203,41
Armored,94.97595977783203,41
People,89.78401184082031,41
Troop,89.18888854980469,41
Soldier,82.60395050048828,41
Weapon,64.97526550292969,41
Weaponry,64.97526550292969,41
Field,95.3472671508789,42
Outdoors,90.77640533447266,42
Nature,85.6247787475586,42
Building,83.51983642578125,42
Tarmac,80.35394287109375,42
Asphalt,80.35394287109375,42
Weather,75.28369903564453,42
Sport,68.465545654296875,42
Sports,68.465545654296875,42
Airplane,68.09844970703125,42
Transportation,68.09844970703125,42
Vehicle,68.09844970703125,42
Aircraft,68.09844970703125,42
Team Sport,66.83463287353516,42
Team,66.83463287353516,42
Sky,66.57146453857422,42
Grass,62.856178283691406,42
Plant,62.856178283691406,42
Road,59.20478057861328,42
Basketball Court,56.30363082885742,42
Basketball,56.30363082885742,42
City,55.51527404785156,42
Urban,55.51527404785156,42
Town,55.51527404785156,42
Lighting,55.23942184448242,42
Person,99.85388946533203,43
Human,99.85388946533203,43
Helicopter,99.78728485107422,43
Aircraft,99.78728485107422,43
Vehicle,99.78728485107422,43
Transportation,99.78728485107422,43
Military,96.36382293701172,43
Military Uniform,96.01580810546875,43
Army,94.27203369140625,43
Armored,94.27203369140625,43
Troop,93.4524154663086,43
People,93.4524154663086,43
Helmet,86.56298065185547,43
Clothing,86.56298065185547,43
Apparel,86.56298065185547,43
Soldier,72.50743103027344,43
Airplane,67.21215057373047,43
Warplane,64.54557037353516,43
Bomber,57.8472900390625,43
Helmet,99.96807098388672,44
Clothing,99.96807098388672,44
Apparel,99.96807098388672,44
Hat,99.843536376953125,44
Person,99.263641357421875,44
Human,99.263641357421875,44
Poster,96.49311065673828,44
Advertisement,96.49311065673828,44
Flyer,82.3737564086914,44
Brochure,82.3737564086914,44
Paper,82.3737564086914,44
Sombrero,72.78047943115234,44
People,61.36234664916992,44
Dog,99.25244903564453,45
Canine,99.25244903564453,45
Pet,99.25244903564453,45
Mammal,99.25244903564453,45
Animal,99.25244903564453,45
Police Dog,96.08164978027344,45
German Shepherd,91.91413879394531,45
Grass,82.80540466308594,45
Plant,82.80540466308594,45
Bird,78.83381652832031,45
Horse,74.681610107421875,45
Backpack,57.08779525756836,45
Bag,57.08779525756836,45
Helmet,99.83424377441406,46
Clothing,99.83424377441406,46
Apparel,99.83424377441406,46
Military,98.18624114990234,46
Person,97.71856689453125,46
Human,97.71856689453125,46
Military Uniform,97.38047790527344,46
Army,95.37447357177734,46
Armored,95.37447357177734,46
Soldier,88.65827941894531,46
People,68.72059631347656,46
Person,99.41683197021484,47
Human,99.41683197021484,47
Military,98.27252197265625,47
Military Uniform,98.18598175048828,47
Shoe,98.01309967041016,47
Clothing,98.01309967041016,47
Footwear,98.01309967041016,47
Apparel,98.01309967041016,47
Car,96.84455108642578,47
Transportation,96.84455108642578,47
Vehicle,96.84455108642578,47
Automobile,96.84455108642578,47
Army,95.6534194946289,47
Armored,95.6534194946289,47
Helmet,95.17156982421875,47
People,91.80574035644531,47
Soldier,86.06231689453125,47
Truck,79.50410461425781,47
Troop,58.424625396728516,47
Tire,56.77671432495117,47
Helicopter,88.26993560791016,48
Vehicle,88.26993560791016,48
Transportation,88.26993560791016,48
Aircraft,88.26993560791016,48
Airplane,85.13313293457031,48
Flying,73.124908447265625,48
Animal,73.124908447265625,48
Bird,73.124908447265625,48
Warplane,67.82176208496094,48
Person,66.475555419921875,48
Human,66.475555419921875,48
Bomber,62.03412628173828,48
Clothing,57.4251708984375,48
Apparel,57.4251708984375,48
Military,56.402889251708984,48
Person,99.5345687866211,49
Human,99.5345687866211,49
Military,94.5927505493164,49
Boat,92.88909912109375,49
Vehicle,92.88909912109375,49
Transportation,92.88909912109375,49
Outdoors,91.11610412597656,49
Water,90.36405181884766,49
Helmet,87.26753997802734,49
Clothing,87.26753997802734,49
Apparel,87.26753997802734,49
Military Uniform,79.34172821044922,49
Cruiser,74.821197509765625,49
Navy,74.821197509765625,49
Ship,74.821197509765625,49
Railing,73.27558135986328,49
Battleship,70.90331268310547,49
Soldier,67.523406982421875,49
Portrait,57.719722747802734,49
Photography,57.719722747802734,49
Face,57.719722747802734,49
Photo,57.719722747802734,49
Army,56.42051315307617,49
Armored,56.42051315307617,49
Person,99.63190460205078,5
Human,99.63190460205078,5
Military,98.359375,5
Military Uniform,98.25634002685547,5
Army,95.82613372802734,5
Armored,95.82613372802734,5
Helmet,94.45887756347656,5
Clothing,94.45887756347656,5
Apparel,94.45887756347656,5
People,93.9181137084961,5
Airplane,91.5276107788086,5
Aircraft,91.5276107788086,5
Vehicle,91.5276107788086,5
Transportation,91.5276107788086,5
Soldier,89.67562103271484,5
Helicopter,77.76593780517578,5
Officer,62.352535247802734,5
Crowd,62.34241485595703,5
Machine,60.24113464355469,5
Troop,55.121620178222656,5
Person,99.82120513916016,50
Human,99.82120513916016,50
Troop,99.34075927734375,50
Military Uniform,99.34075927734375,50
Military,99.34075927734375,50
People,99.34075927734375,50
Army,99.34075927734375,50
Armored,99.34075927734375,50
Shoe,95.630828857421875,50
Clothing,95.630828857421875,50
Footwear,95.630828857421875,50
Apparel,95.630828857421875,50
Crowd,77.46043395996094,50
Soldier,68.57511138916016,50
Helicopter,99.707183837890625,51
Transportation,99.707183837890625,51
Vehicle,99.707183837890625,51
Aircraft,99.707183837890625,51
Person,99.50276184082031,51
Human,99.50276184082031,51
Military,98.50010681152344,51
Navy,96.070953369140625,51
Ship,94.89766693115234,51
Aircraft Carrier,61.47721862792969,51
Battleship,56.634342193603516,51
Person,99.69444274902344,52
Human,99.69444274902344,52
Street,88.7761001586914,52
Road,88.7761001586914,52
Urban,88.7761001586914,52
City,88.7761001586914,52
Building,88.7761001586914,52
Town,88.7761001586914,52
Helmet,80.65345001220703,52
Clothing,80.65345001220703,52
Apparel,80.65345001220703,52
Military,72.97933197021484,52
Path,71.63340759277344,52
Military Uniform,67.76172637939453,52
Soldier,67.32683563232422,52
Astronaut,66.46489715576172,52
Bench,66.46314239501953,52
Furniture,66.46314239501953,52
Flooring,66.01432800292969,52
Walkway,61.80891418457031,52
High Rise,57.85811996459961,52
Tarmac,55.605682373046875,52
Asphalt,55.605682373046875,52
Fireman,55.476863861083984,52
Airfield,55.41240310668945,52
Airport,55.41240310668945,52
Person,99.35393524169922,53
Human,99.35393524169922,53
Warplane,98.4138412475586,53
Airplane,98.4138412475586,53
Aircraft,98.4138412475586,53
Vehicle,98.4138412475586,53
Transportation,98.4138412475586,53
Bomber,96.149627685546875,53
Airport,89.003875732421875,53
Airfield,86.298675537109375,53
Military Uniform,85.52668762207031,53
Military,85.52668762207031,53
Helicopter,84.00048828125,53
Skateboard,72.0423355102539,53
Sport,72.0423355102539,53
Sports,72.0423355102539,53
Officer,69.864166259765625,53
People,66.3509292602539,53
Army,64.22401428222656,53
Armored,64.22401428222656,53
Machine,63.33320617675781,53
Soldier,60.30470275878906,53
Shoe,57.614925384521484,53
Clothing,57.614925384521484,53
Footwear,57.614925384521484,53
Apparel,57.614925384521484,53
Jet,56.10948181152344,53
Helmet,99.92632293701172,54
Clothing,99.92632293701172,54
Apparel,99.92632293701172,54
Person,99.553009033203125,54
Human,99.553009033203125,54
Military Uniform,98.01426696777344,54
Military,98.01426696777344,54
Army,96.592742919921875,54
Armored,96.592742919921875,54
People,93.6972885131836,54
Troop,91.38422393798828,54
Soldier,80.15787506103516,54
Swat Team,57.48112106323242,54
Text,56.34373092651367,54
Person,98.13460540771484,55
Human,98.13460540771484,55
Flag,97.95729064941406,55
Symbol,97.95729064941406,55
Military,86.366607666015625,55
Military Uniform,85.7386474609375,55
Officer,65.72771453857422,55
Person,99.2167739868164,56
Human,99.2167739868164,56
Gun,99.02344512939453,56
Weapon,99.02344512939453,56
Weaponry,99.02344512939453,56
Helmet,96.53559112548828,56
Clothing,96.53559112548828,56
Apparel,96.53559112548828,56
Military,96.4947738647461,56
Military Uniform,95.9822998046875,56
Army,94.45520782470703,56
Armored,94.45520782470703,56
Soldier,87.02735900878906,56
People,77.05445098876953,56
Troop,57.800716400146484,56
Sniper,57.704227447509766,56
Grass,55.72541046142578,56
Plant,55.72541046142578,56
Person,99.54488372802734,57
Human,99.54488372802734,57
Military Uniform,99.42292785644531,57
Military,99.42292785644531,57
Officer,99.1619644165039,57
Helmet,98.8768310546875,57
Clothing,98.8768310546875,57
Apparel,98.8768310546875,57
Tie,94.75081634521484,57
Accessories,94.75081634521484,57
Accessory,94.75081634521484,57
Captain,87.817626953125,57
Hat,79.6776351928711,57
People,74.64990997314453,57
Soldier,73.698699951171875,57
Army,59.50214385986328,57
Armored,59.50214385986328,57
Guard,56.57034683227539,57
Person,98.9381332397461,58
Human,98.9381332397461,58
Boat,98.87261199951172,58
Vehicle,98.87261199951172,58
Transportation,98.87261199951172,58
Military,98.22931671142578,58
Watercraft,97.94195556640625,58
Vessel,97.94195556640625,58
Coast Guard,92.74913787841797,58
Navy,58.148895263671875,58
Boat,97.80396270751953,59
Vehicle,97.80396270751953,59
Transportation,97.80396270751953,59
Building,92.76195526123047,59
Bridge,90.71224212646484,59
Architecture,65.51082611083984,59
Ship,61.477962493896484,59
Handrail,59.89243698120117,59
Banister,59.89243698120117,59
Battleship,59.51299285888672,59
Navy,59.51299285888672,59
Military,59.51299285888672,59
Suspension Bridge,58.28727340698242,59
Military,99.7418212890625,6
Boat,99.294036865234375,6
Transportation,99.294036865234375,6
Vehicle,99.294036865234375,6
Person,99.1823959350586,6
Human,99.1823959350586,6
Navy,98.90543365478516,6
Cruiser,98.16941833496094,6
Ship,98.16941833496094,6
Watercraft,87.502044677734375,6
Vessel,87.502044677734375,6
Battleship,85.57732391357422,6
Destroyer,82.2308349609375,6
Helicopter,99.95036315917969,60
Aircraft,99.95036315917969,60
Transportation,99.95036315917969,60
Vehicle,99.95036315917969,60
Person,98.7782211303711,60
Human,98.7782211303711,60
Helmet,98.7720947265625,60
Clothing,98.7720947265625,60
Apparel,98.7720947265625,60
Gun,95.17044830322266,60
Weapon,95.17044830322266,60
Weaponry,95.17044830322266,60
Military,94.38130187988281,60
Military Uniform,92.88312530517578,60
Army,88.0885238647461,60
Armored,88.0885238647461,60
People,82.834716796875,60
Flying,79.4822769165039,60
Animal,79.4822769165039,60
Bird,79.4822769165039,60
Horse,69.89144134521484,60
Mammal,69.89144134521484,60
Soldier,68.3136978149414,60
Person,99.40940856933594,61
Human,99.40940856933594,61
Helmet,99.28070068359375,61
Clothing,99.28070068359375,61
Apparel,99.28070068359375,61
Outdoors,76.302825927734375,61
Military Uniform,74.61898040771484,61
Military,74.61898040771484,61
Hardhat,69.04610443115234,61
Nature,64.68891143798828,61
Housing,62.88215255737305,61
Building,62.88215255737305,61
Poster,58.98720169067383,61
Advertisement,58.98720169067383,61
Crash Helmet,55.87663269042969,61
Army,55.647315979003906,61
Armored,55.647315979003906,61
Helicopter,99.98155212402344,62
Vehicle,99.98155212402344,62
Transportation,99.98155212402344,62
Aircraft,99.98155212402344,62
Person,99.79756164550781,62
Human,99.79756164550781,62
Military,83.07841491699219,62
Shoe,69.908294677734375,62
Clothing,69.908294677734375,62
Footwear,69.908294677734375,62
Apparel,69.908294677734375,62
People,62.7399787902832,62
Airfield,62.139503479003906,62
Airport,62.139503479003906,62
Person,99.77592468261719,63
Human,99.77592468261719,63
Truck,98.03534698486328,63
Vehicle,98.03534698486328,63
Transportation,98.03534698486328,63
Wheel,96.2335205078125,63
Machine,96.2335205078125,63
Clothing,91.044219970703125,63
Apparel,91.044219970703125,63
Military,82.84730529785156,63
Tire,79.8084945678711,63
Army,77.25218963623047,63
Military Uniform,77.25218963623047,63
Armored,77.25218963623047,63
People,69.33299255371094,63
Helmet,67.215423583984375,63
Cap,60.523284912109375,63
Hat,60.523284912109375,63
Person,99.4134521484375,64
Human,99.4134521484375,64
Military Uniform,98.9629898071289,64
Military,98.9629898071289,64
Dog,97.41644287109375,64
Mammal,97.41644287109375,64
Animal,97.41644287109375,64
Canine,97.41644287109375,64
Pet,97.41644287109375,64
Army,97.39259338378906,64
Armored,97.39259338378906,64
Troop,96.98443603515625,64
People,96.98443603515625,64
Helmet,95.53942108154297,64
Clothing,95.53942108154297,64
Apparel,95.53942108154297,64
Soldier,85.93359375,64
Crowd,76.081298828125,64
Military Uniform,99.50220489501953,65
Military,99.50220489501953,65
Person,99.464080810546875,65
Human,99.464080810546875,65
Troop,99.24893951416016,65
Army,99.24893951416016,65
Armored,99.24893951416016,65
People,99.24893951416016,65
Cow,95.06836700439453,65
Animal,95.06836700439453,65
Mammal,95.06836700439453,65
Cattle,95.06836700439453,65
Soldier,85.78743743896484,65
Crowd,83.4072036743164,65
Officer,70.6944351196289,65
Marching,69.1104965209961,65
Grass,99.98451232910156,66
Plant,99.98451232910156,66
Person,98.01264953613281,66
Human,98.01264953613281,66
Lawn,95.97602081298828,66
Field,91.4840316772461,66
Tree,67.07594299316406,66
Vegetation,66.63581848144531,66
Palm Tree,61.568389892578125,66
Arecaceae,61.568389892578125,66
Park,57.98679733276367,66
Outdoors,57.98679733276367,66
People,57.803829193115234,66
Person,98.86695861816406,67
Human,98.86695861816406,67
Clothing,97.32369232177734,67
Apparel,97.32369232177734,67
Hat,96.79740142822266,67
Military Uniform,96.78936767578125,67
Military,96.78936767578125,67
Officer,94.54924011230469,67
Guard,82.29682922363281,67
People,75.7432632446289,67
Sailor Suit,61.94246292114258,67
Police,56.54344940185547,67
Helmet,99.98838806152344,68
Clothing,99.98838806152344,68
Apparel,99.98838806152344,68
Person,98.08397674560547,68
Human,98.08397674560547,68
Military Uniform,95.65162658691406,68
Military,95.65162658691406,68
Army,92.26461029052734,68
Armored,92.26461029052734,68
People,89.92976379394531,68
Soldier,84.79585266113281,68
Weapon,65.40462493896484,68
Weaponry,65.40462493896484,68
Troop,58.33385467529297,68
Person,99.65454864501953,69
Human,99.65454864501953,69
Airplane,98.47331237792969,69
Transportation,98.47331237792969,69
Vehicle,98.47331237792969,69
Aircraft,98.47331237792969,69
Military,92.59165954589844,69
Military Uniform,87.6441650390625,69
Helmet,82.9786605834961,69
Clothing,82.9786605834961,69
Apparel,82.9786605834961,69
Army,68.846343994140625,69
Armored,68.846343994140625,69
People,61.76301193237305,69
Tire,57.73247528076172,69
Helicopter,99.92681121826172,7
Aircraft,99.92681121826172,7
Vehicle,99.92681121826172,7
Transportation,99.92681121826172,7
Airplane,80.093231201171875,7
Urban,68.7105484008789,7
Person,66.6845474243164,7
Human,66.6845474243164,7
Aerial View,56.534732818603516,7
Nature,56.534732818603516,7
Outdoors,56.534732818603516,7
Scenery,56.534732818603516,7
Landscape,56.534732818603516,7
Person,99.59685516357422,70
Human,99.59685516357422,70
Military,89.57330322265625,70
Watercraft,84.83478546142578,70
Vessel,84.83478546142578,70
Vehicle,84.83478546142578,70
Transportation,84.83478546142578,70
Cruiser,80.47863006591797,70
Navy,80.47863006591797,70
Ship,80.47863006591797,70
Helmet,73.73072052001953,70
Clothing,73.73072052001953,70
Apparel,73.73072052001953,70
Tire,66.11212158203125,70
Hardhat,62.92354965209961,70
Water,58.71034240722656,70
Battleship,58.361454010009766,70
Person,94.3951644897461,71
Human,94.3951644897461,71
Clothing,83.2186279296875,71
Apparel,83.2186279296875,71
Poster,81.882171630859375,71
Advertisement,81.882171630859375,71
Art,77.57425689697266,71
Sunglasses,77.29833221435547,71
Accessories,77.29833221435547,71
Accessory,77.29833221435547,71
Mural,58.914344787597656,71
Painting,58.914344787597656,71
Collage,57.76618194580078,71
Person,99.863250732421875,72
Human,99.863250732421875,72
Gun,98.10028076171875,72
Weapon,98.10028076171875,72
Weaponry,98.10028076171875,72
Helmet,97.831024169921875,72
Clothing,97.831024169921875,72
Apparel,97.831024169921875,72
Military,97.4759750366211,72
Military Uniform,96.940155029296875,72
Army,95.36573791503906,72
Armored,95.36573791503906,72
Soldier,89.457183837890625,72
People,76.1836166381836,72
Paintball,71.391204833984375,72
Person,99.49925231933594,73
Human,99.49925231933594,73
People,86.55128479003906,73
Military Uniform,86.08174896240234,73
Military,86.08174896240234,73
Army,84.7807388305664,73
Armored,84.7807388305664,73
Helmet,60.0386962890625,73
Clothing,60.0386962890625,73
Apparel,60.0386962890625,73
Soldier,58.756893157958984,73
Troop,56.64435577392578,73
Helmet,99.863739013671875,74
Clothing,99.863739013671875,74
Apparel,99.863739013671875,74
Person,99.12359619140625,74
Human,99.12359619140625,74
Military,98.98242950439453,74
Army,98.51783752441406,74
Military Uniform,98.51783752441406,74
Armored,98.51783752441406,74
People,88.4164047241211,74
Troop,86.63375091552734,74
Soldier,85.45170593261719,74
Weapon,61.26134490966797,74
Weaponry,61.26134490966797,74
Person,99.79756164550781,75
Human,99.79756164550781,75
Shoe,99.70503234863281,75
Footwear,99.70503234863281,75
Clothing,99.70503234863281,75
Apparel,99.70503234863281,75
Airplane,94.71363067626953,75
Transportation,94.71363067626953,75
Vehicle,94.71363067626953,75
Aircraft,94.71363067626953,75
Military,94.08709716796875,75
Military Uniform,92.9085922241211,75
People,91.32170104980469,75
Pants,82.38782501220703,75
Army,78.49418640136719,75
Armored,78.49418640136719,75
Soldier,73.23546600341797,75
Helicopter,62.28293228149414,75
Officer,61.43460464477539,75
Portrait,60.22777557373047,75
Photography,60.22777557373047,75
Face,60.22777557373047,75
Photo,60.22777557373047,75
Sleeve,58.97599792480469,75
Helmet,99.80845642089844,76
Clothing,99.80845642089844,76
Apparel,99.80845642089844,76
Person,98.485443115234375,76
Human,98.485443115234375,76
Cockpit,93.07084655761719,76
Metropolis,55.51915740966797,76
Building,55.51915740966797,76
Urban,55.51915740966797,76
City,55.51915740966797,76
Town,55.51915740966797,76
Military,99.13294982910156,77
Person,98.81647491455078,77
Human,98.81647491455078,77
Military Uniform,96.61309051513672,77
Army,95.16095733642578,77
Armored,95.16095733642578,77
People,84.95874786376953,77
Soldier,78.46177673339844,77
Troop,76.10186004638672,77
Helmet,70.50032043457031,77
Clothing,70.50032043457031,77
Apparel,70.50032043457031,77
Airplane,70.396942138671875,77
Transportation,70.396942138671875,77
Vehicle,70.396942138671875,77
Aircraft,70.396942138671875,77
Weapon,64.93489837646484,77
Weaponry,64.93489837646484,77
Helicopter,61.732425689697266,77
Dog,97.781219482421875,78
Animal,97.781219482421875,78
Mammal,97.781219482421875,78
Canine,97.781219482421875,78
Pet,97.781219482421875,78
Police Dog,96.26651763916016,78
German Shepherd,81.5598373413086,78
Transportation,72.40794372558594,78
Vehicle,72.2184829711914,78
Tire,66.42443084716797,78
Car,58.47121047973633,78
Automobile,58.47121047973633,78
Hound,55.37831115722656,78
Person,99.55748748779297,79
Human,99.55748748779297,79
Military,98.54907989501953,79
Shoe,97.67591857910156,79
Clothing,97.67591857910156,79
Footwear,97.67591857910156,79
Apparel,97.67591857910156,79
Military Uniform,89.60798645019531,79
Navy,77.99577331542969,79
Weapon,66.32623291015625,79
Weaponry,66.32623291015625,79
Officer,63.75786209106445,79
People,60.3725471496582,79
Army,59.98693084716797,79
Armored,59.98693084716797,79
Gun,58.3276252746582,79
Soldier,57.501121520996094,79
Troop,56.38138961791992,79
Crowd,55.04707336425781,79
Boat,99.5452880859375,8
Transportation,99.5452880859375,8
Vehicle,99.5452880859375,8
Watercraft,99.21643829345703,8
Vessel,99.21643829345703,8
Military,98.34580993652344,8
Destroyer,95.93890380859375,8
Navy,95.93890380859375,8
Ship,95.93890380859375,8
Person,95.4454345703125,8
Human,95.4454345703125,8
Cruiser,94.8888931274414,8
Battleship,84.64281463623047,8
People,71.24267578125,8
Helmet,99.97669982910156,80
Clothing,99.97669982910156,80
Apparel,99.97669982910156,80
Person,99.20560455322266,80
Human,99.20560455322266,80
Military,96.956787109375,80
Military Uniform,96.6907958984375,80
Army,94.78276062011719,80
Armored,94.78276062011719,80
People,88.643798828125,80
Soldier,80.24629974365234,80
Troop,78.70945739746094,80
Swat Team,56.29180908203125,80
Officer,99.31249237060547,81
Person,99.31249237060547,81
Military Uniform,99.31249237060547,81
Military,99.31249237060547,81
Human,99.31249237060547,81
Captain,91.744537353515625,81
Hat,89.77960968017578,81
Clothing,89.77960968017578,81
Apparel,89.77960968017578,81
Police,71.23563385009766,81
Soldier,70.95988464355469,81
Army,67.21031951904297,81
Armored,67.21031951904297,81
Logo,55.716285705566406,81
Symbol,55.716285705566406,81
Trademark,55.716285705566406,81
Person,99.26422882080078,82
Human,99.26422882080078,82
Hat,96.811492919921875,82
Clothing,96.811492919921875,82
Apparel,96.811492919921875,82
Military,92.53397369384766,82
Officer,88.97874450683594,82
Military Uniform,88.97874450683594,82
Watercraft,72.54279327392578,82
Transportation,72.54279327392578,82
Vessel,72.54279327392578,82
Vehicle,72.54279327392578,82
Baseball Cap,67.54539489746094,82
Cap,67.54539489746094,82
Finger,62.02981185913086,82
People,60.006038665771484,82
Captain,58.71800994873047,82
Person,99.892608642578125,83
Human,99.892608642578125,83
Shoe,99.7757797241211,83
Footwear,99.7757797241211,83
Clothing,99.7757797241211,83
Apparel,99.7757797241211,83
Pants,89.888397216796875,83
People,84.4096450805664,83
Flagstone,78.98087310791016,83
Walkway,75.54191589355469,83
Path,75.54191589355469,83
Hat,68.99121856689453,83
Cap,68.04313659667969,83
Baseball Cap,64.78990173339844,83
Poster,63.15152359008789,83
Advertisement,63.15152359008789,83
Crowd,61.46488952636719,83
Military Uniform,59.09524154663086,83
Military,59.09524154663086,83
Costume,57.634822845458984,83
Jeans,57.19095993041992,83
Denim,57.19095993041992,83
Military,98.87679290771484,84
Military Uniform,98.79766082763672,84
Person,98.68218994140625,84
Human,98.68218994140625,84
Army,97.08625030517578,84
Armored,97.08625030517578,84
Soldier,92.11554718017578,84
Car,90.37834167480469,84
Transportation,90.37834167480469,84
Vehicle,90.37834167480469,84
Automobile,90.37834167480469,84
People,84.82793426513672,84
Plant,80.157135009765625,84
Troop,75.62523651123047,84
Outdoors,67.4426498413086,84
Boat,99.95721435546875,85
Transportation,99.95721435546875,85
Vehicle,99.95721435546875,85
Watercraft,99.36785888671875,85
Vessel,99.36785888671875,85
Military,94.47947692871094,85
Cruiser,93.94452667236328,85
Navy,93.94452667236328,85
Ship,93.94452667236328,85
Destroyer,93.4448471069336,85
Sea,89.8424072265625,85
Ocean,89.8424072265625,85
Outdoors,89.8424072265625,85
Water,89.8424072265625,85
Nature,89.8424072265625,85
Battleship,81.80371856689453,85
Land,72.5859603881836,85
Coast,69.57148742675781,85
Shoreline,69.57148742675781,85
Helmet,99.95909881591797,86
Clothing,99.95909881591797,86
Apparel,99.95909881591797,86
Person,99.7780990600586,86
Human,99.7780990600586,86
Military,98.48823547363281,86
Military Uniform,98.30760192871094,86
Troop,96.2494888305664,86
Army,96.2494888305664,86
Armored,96.2494888305664,86
People,96.2494888305664,86
Soldier,76.0934066772461,86
Swat Team,55.95599365234375,86
Person,99.85323333740234,87
Human,99.85323333740234,87
Building,92.55064392089844,87
Downtown,92.46562194824219,87
City,92.46562194824219,87
Urban,92.46562194824219,87
Town,92.46562194824219,87
Shorts,90.8290023803711,87
Clothing,90.8290023803711,87
Apparel,90.8290023803711,87
Architecture,84.54924774169922,87
Finger,82.41205596923828,87
Adventure,79.2622299194336,87
Leisure Activities,79.2622299194336,87
People,73.4285659790039,87
Flooring,69.24610137939453,87
Outdoors,69.07365417480469,87
Sport,58.987030029296875,87
Sports,58.987030029296875,87
Neighborhood,58.79536819458008,87
Flagstone,57.40594482421875,87
Boat,99.68121337890625,88
Vehicle,99.68121337890625,88
Transportation,99.68121337890625,88
Person,98.79434967041016,88
Human,98.79434967041016,88
Watercraft,97.8416748046875,88
Vessel,97.8416748046875,88
Waterfront,89.169158935546875,88
Water,89.169158935546875,88
Flag,88.04087829589844,88
Symbol,88.04087829589844,88
Pier,79.43099212646484,88
Dock,79.43099212646484,88
Port,79.43099212646484,88
Military,65.640228271484375,88
Person,99.5022964477539,89
Human,99.5022964477539,89
Navy,98.8670654296875,89
Military,98.8670654296875,89
Flag,95.879791259765625,89
Symbol,95.879791259765625,89
Shoe,95.41240692138672,89
Clothing,95.41240692138672,89
Footwear,95.41240692138672,89
Apparel,95.41240692138672,89
Sailor Suit,85.2164077758789,89
Officer,80.3499526977539,89
Military Uniform,80.3499526977539,89
Crowd,69.596923828125,89
Marching,57.69080352783203,89
Person,96.800262451171875,9
Human,96.800262451171875,9
Boat,96.4229507446289,9
Transportation,96.4229507446289,9
Vehicle,96.4229507446289,9
Plot,91.8964614868164,9
Map,84.76630401611328,9
Diagram,84.76630401611328,9
Atlas,77.77103424072266,9
Text,62.0433464050293,9
Helicopter,99.9982681274414,90
Vehicle,99.9982681274414,90
Aircraft,99.9982681274414,90
Transportation,99.9982681274414,90
Person,98.424530029296875,90
Human,98.424530029296875,90
Dog,62.49630355834961,90
Mammal,62.49630355834961,90
Animal,62.49630355834961,90
Canine,62.49630355834961,90
Pet,62.49630355834961,90
Landing,55.44249725341797,90
Airplane,55.44249725341797,90
Military,55.15020751953125,90
Boat,99.71476745605469,91
Transportation,99.71476745605469,91
Vehicle,99.71476745605469,91
Military,93.29174041748047,91
Cruiser,92.59114837646484,91
Ship,92.59114837646484,91
Navy,92.59114837646484,91
Building,81.974700927734375,91
Architecture,81.18915557861328,91
Watercraft,80.1147689819336,91
Vessel,80.1147689819336,91
Battleship,78.44398498535156,91
Bridge,68.1791000366211,91
Nature,65.12855529785156,91
Waterfront,63.27767562866211,91
Water,63.27767562866211,91
Arch,63.264400482177734,91
Arched,63.264400482177734,91
Outdoors,62.69324493408203,91
Metropolis,58.90973663330078,91
Urban,58.90973663330078,91
City,58.90973663330078,91
Town,58.90973663330078,91
Pier,56.28667449951172,91
Dock,56.28667449951172,91
Port,56.28667449951172,91
Person,98.50220489501953,92
Human,98.50220489501953,92
Military Uniform,96.198822021484375,92
Military,96.198822021484375,92
Army,95.80448150634766,92
Armored,95.80448150634766,92
Gun,95.4134750366211,92
Weapon,95.4134750366211,92
Weaponry,95.4134750366211,92
People,92.1273422241211,92
Helmet,85.69445037841797,92
Clothing,85.69445037841797,92
Apparel,85.69445037841797,92
Wheel,85.27421569824219,92
Machine,85.27421569824219,92
Soldier,73.00288391113281,92
Troop,68.318939208984375,92
Swat Team,56.74525833129883,92
Boat,99.506988525390625,93
Vehicle,99.506988525390625,93
Transportation,99.506988525390625,93
Military,97.80741882324219,93
Navy,95.406219482421875,93
Cruiser,94.77980041503906,93
Ship,94.77980041503906,93
Watercraft,91.58728790283203,93
Vessel,91.58728790283203,93
Water,84.85913848876953,93
Battleship,82.46735382080078,93
Waterfront,76.65435028076172,93
Destroyer,72.85810089111328,93
Pier,69.43148040771484,93
Dock,69.43148040771484,93
Port,69.43148040771484,93
Person,67.33983612060547,93
Human,67.33983612060547,93
Aircraft Carrier,58.83641815185547,93
Military,98.65928649902344,94
Person,98.226043701171875,94
Human,98.226043701171875,94
Officer,97.6903076171875,94
Military Uniform,97.6903076171875,94
Captain,86.77958679199219,94
Navy,73.46490478515625,94
Soldier,61.82952880859375,94
Army,59.72629928588867,94
Armored,59.72629928588867,94
People,58.35943603515625,94
Helicopter,99.91957092285156,95
Transportation,99.91957092285156,95
Vehicle,99.91957092285156,95
Aircraft,99.91957092285156,95
Flying,92.8848876953125,95
Animal,92.8848876953125,95
Bird,92.8848876953125,95
Office Building,90.87621307373047,95
Building,90.87621307373047,95
High Rise,89.473968505859375,95
City,89.473968505859375,95
Urban,89.473968505859375,95
Town,89.473968505859375,95
Spire,84.09693908691406,95
Steeple,84.09693908691406,95
Tower,84.09693908691406,95
Architecture,84.09693908691406,95
Metropolis,77.9981918334961,95
Outdoors,64.22821044921875,95
Water,99.56922149658203,96
Waterfront,99.53638458251953,96
Pier,98.70262908935547,96
Dock,98.70262908935547,96
Port,98.70262908935547,96
Boat,96.89762115478516,96
Transportation,96.89762115478516,96
Vehicle,96.89762115478516,96
Harbor,76.53856658935547,96
Person,73.86998748779297,96
Human,73.86998748779297,96
Ship,61.446372985839844,96
Cruiser,57.49189758300781,96
Military,57.49189758300781,96
Navy,57.49189758300781,96
Steamer,55.09028625488281,96
Helmet,99.53141784667969,97
Clothing,99.53141784667969,97
Apparel,99.53141784667969,97
Military,99.31417083740234,97
Military Uniform,98.90599822998047,97
Person,98.79109954833984,97
Human,98.79109954833984,97
Armored,98.316131591796875,97
Army,98.28038787841797,97
Troop,86.17179107666016,97
People,86.17179107666016,97
Soldier,83.31217956542969,97
Weapon,64.929901123046875,97
Weaponry,64.929901123046875,97
Paintball,63.502201080322266,97
Person,99.7789077758789,98
Human,99.7789077758789,98
Helmet,95.85789489746094,98
Clothing,95.85789489746094,98
Apparel,95.85789489746094,98
People,94.41492462158203,98
Military,94.1575927734375,98
Military Uniform,93.723236083984375,98
Car,93.2970962524414,98
Transportation,93.2970962524414,98
Vehicle,93.2970962524414,98
Automobile,93.2970962524414,98
Troop,91.8239974975586,98
Army,91.8239974975586,98
Armored,91.8239974975586,98
Gun,72.9842300415039,98
Weapon,72.9842300415039,98
Weaponry,72.9842300415039,98
Soldier,66.30233001708984,98
Military,99.35005187988281,99
Person,98.93505859375,99
Human,98.93505859375,99
Military Uniform,98.85881042480469,99
Army,97.202606201171875,99
Armored,97.202606201171875,99
Pants,93.055389404296875,99
Clothing,93.055389404296875,99
Apparel,93.055389404296875,99
People,88.72278594970703,99
Troop,83.84397888183594,99
Soldier,83.68778991699219,99
Jeans,66.70580291748047,99
Denim,66.70580291748047,99
Paintball,64.37229919433594,99
